{"coco/bbox_mAP": 0.464, "coco/bbox_mAP_50": 0.9, "coco/bbox_mAP_75": 0.449, "coco/bbox_mAP_s": -1.0, "coco/bbox_mAP_m": -1.0, "coco/bbox_mAP_l": 0.464, "data_time": 2.3411562226035376, "time": 5.92746277288957}