{"coco/AP": 0.5574166765899038, "coco/AP .5": 1.0, "coco/AP .75": 0.5989857908325363, "coco/AP (M)": -1.0, "coco/AP (L)": 0.5574166765899038, "coco/AR": 0.6023809523809524, "coco/AR .5": 1.0, "coco/AR .75": 0.6904761904761905, "coco/AR (M)": -1.0, "coco/AR (L)": 0.6023809523809524, "PCK": 0.9160997732426301, "AUC": 0.06564625850340136, "NME": 0.056940826969622486, "data_time": 1.808896541595459, "time": 5.612066984176636}